userId,name,username,location,email,timestamp
1,Name1,username1,location1,username1@gmail.com,1306611568
2,Name2,username2,location2,username2@gmail.com,1173686898
3,Name3,username3,location3,username3@gmail.com,1273665163
4,Name4,username4,location4,username4@gmail.com,1385395898
5,Name5,username5,location5,username5@gmail.com,1407082526
6,Name6,username6,location6,username6@gmail.com,1143035853
7,Name7,username7,location7,username7@gmail.com,1140447535
8,Name8,username8,location8,username8@gmail.com,1140447535
9,Name9,username9,location9,username9@gmail.com,1277357423
10,Name10,username10,location10,username10@gmail.com,1137501822
11,Name11,username11,location11,username11@gmail.com,1330111375
12,Name12,username12,location12,username12@gmail.com,1301513212
13,Name13,username13,location13,username13@gmail.com,1303168162
14,Name14,username14,location14,username14@gmail.com,1154073120
15,Name15,username15,location15,username15@gmail.com,1303168162
